{"cameraMode":{"drawMode":0,"name":"Shaded","section":"Shading Mode"},"sceneLighting":true,"audioPlay":false,"sceneViewState":{"m_AlwaysRefresh":false,"showFog":true,"showSkybox":true,"showFlares":true,"showImageEffects":true,"showParticleSystems":true,"showVisualEffectGraphs":true,"m_FxEnabled":true},"in2DMode":false,"pivot":{"x":28.992650985717775,"y":-62.47039794921875,"z":-31.159210205078126},"rotation":{"x":-0.39938244223594668,"y":0.035933658480644229,"z":-0.016011884436011316,"w":-0.915654182434082},"size":57.345726013183597,"orthographic":false}