{"cameraMode":{"drawMode":0,"name":"Shaded","section":"Shading Mode"},"sceneLighting":true,"audioPlay":false,"sceneViewState":{"m_AlwaysRefresh":false,"showFog":true,"showSkybox":true,"showFlares":true,"showImageEffects":true,"showParticleSystems":true,"showVisualEffectGraphs":true,"m_FxEnabled":true},"in2DMode":false,"pivot":{"x":2.4361588954925539,"y":-35.70362854003906,"z":46.02152633666992},"rotation":{"x":-0.009349505417048931,"y":-0.9493048787117004,"z":0.31342095136642458,"w":-0.027613623067736627},"size":36.37306594848633,"orthographic":false}