{"cameraMode":{"drawMode":0,"name":"Shaded","section":"Shading Mode"},"sceneLighting":true,"audioPlay":false,"sceneViewState":{"m_AlwaysRefresh":false,"showFog":true,"showSkybox":true,"showFlares":true,"showImageEffects":true,"showParticleSystems":true,"showVisualEffectGraphs":true,"m_FxEnabled":true},"in2DMode":false,"pivot":{"x":621.0128173828125,"y":237.0946807861328,"z":515.0239868164063},"rotation":{"x":0.11316556483507157,"y":0.009515825659036637,"z":-0.0008644137415103614,"w":0.9936599731445313},"size":651.4376220703125,"orthographic":false}